{
  "best_metric": 0.3453797996044159,
  "best_model_checkpoint": "output/dnabert2/checkpoint-500",
  "epoch": 2.6666666666666665,
  "global_step": 1000,
  "is_hyper_param_search": false,
  "is_local_process_zero": true,
  "is_world_process_zero": true,
  "log_history": [
    {
      "epoch": 1.33,
      "eval_accuracy": 0.8637274549098196,
      "eval_f1": 0.8634856775024139,
      "eval_loss": 0.3453797996044159,
      "eval_matthews_correlation": 0.733256683558217,
      "eval_precision": 0.8684983766233766,
      "eval_recall": 0.8647677968825325,
      "eval_runtime": 2.5306,
      "eval_samples_per_second": 591.55,
      "eval_steps_per_second": 9.484,
      "step": 500
    },
    {
      "epoch": 2.67,
      "eval_accuracy": 0.8690714762859052,
      "eval_f1": 0.8687762973352033,
      "eval_loss": 0.42314887046813965,
      "eval_matthews_correlation": 0.7450625342827625,
      "eval_precision": 0.8748671155209071,
      "eval_recall": 0.8702099737532809,
      "eval_runtime": 2.3882,
      "eval_samples_per_second": 626.819,
      "eval_steps_per_second": 10.049,
      "step": 1000
    }
  ],
  "max_steps": 1125,
  "num_train_epochs": 3,
  "total_flos": 2510856630263640.0,
  "trial_name": null,
  "trial_params": null
}
